Workbook

Sheet データ
A1: 最寄駅 | B1: 徒歩分 | C1: 面積 | D1: 建築年 | E1: 取引年 | F1: 改装 | G1: 取引価格 | H1: ㎡単価の対数 | I1: 徒歩分 | J1: 築年数 | K1: 面積 | L1: 改装 | M1: 池尻大橋 | N1: 三軒茶屋 | O1: 駒沢大学 | P1: 桜新町 | Q1: 二子玉川 | R1: 2021 | S1: 2022 | T1: 2023 | U1: 2024
A2: 池尻大橋 | B2: 6 | C2: 55 | D2: 1976 | E2: 2025 | F2: 改装済み | G2: 71000000 | H2: =LN(G2/C2) -> 14.070857 | I2: =B2 -> 6 | J2: =E2-D2 -> 49 | K2: =C2 -> 55 | L2: =IF(F2="改装済み",1,0) -> 1 | M2: =IF(A2="池尻大橋",1,0) -> 1 | N2: =IF(A2="三軒茶屋",1,0) -> 0 | O2: =IF(A2="駒沢大学",1,0) -> 0 | P2: =IF(A2="桜新町",1,0) -> 0 | Q2: =IF(A2="二子玉川",1,0) -> 0 | R2: =IF(E2=2021,1,0) -> 0 | S2: =IF(E2=2022,1,0) -> 0 | T2: =IF(E2=2023,1,0) -> 0 | U2: =IF(E2=2024,1,0) -> 0
A3: 池尻大橋 | B3: 6 | C3: 55 | D3: 1996 | E3: 2025 | F3: 改装済み | G3: 90000000 | H3: =LN(G3/C3) -> 14.307987 | I3: =B3 -> 6 | J3: =E3-D3 -> 29 | K3: =C3 -> 55 | L3: =IF(F3="改装済み",1,0) -> 1 | M3: =IF(A3="池尻大橋",1,0) -> 1 | N3: =IF(A3="三軒茶屋",1,0) -> 0 | O3: =IF(A3="駒沢大学",1,0) -> 0 | P3: =IF(A3="桜新町",1,0) -> 0 | Q3: =IF(A3="二子玉川",1,0) -> 0 | R3: =IF(E3=2021,1,0) -> 0 | S3: =IF(E3=2022,1,0) -> 0 | T3: =IF(E3=2023,1,0) -> 0 | U3: =IF(E3=2024,1,0) -> 0
A4: 池尻大橋 | B4: 0 | C4: 65 | D4: 1969 | E4: 2025 | F4: 未改装 | G4: 60000000 | H4: =LN(G4/C4) -> 13.735468 | I4: =B4 -> 0 | J4: =E4-D4 -> 56 | K4: =C4 -> 65 | L4: =IF(F4="改装済み",1,0) -> 0 | M4: =IF(A4="池尻大橋",1,0) -> 1 | N4: =IF(A4="三軒茶屋",1,0) -> 0 | O4: =IF(A4="駒沢大学",1,0) -> 0 | P4: =IF(A4="桜新町",1,0) -> 0 | Q4: =IF(A4="二子玉川",1,0) -> 0 | R4: =IF(E4=2021,1,0) -> 0 | S4: =IF(E4=2022,1,0) -> 0 | T4: =IF(E4=2023,1,0) -> 0 | U4: =IF(E4=2024,1,0) -> 0
A5: 池尻大橋 | B5: 8 | C5: 60 | D5: 2008 | E5: 2025 | F5: 未改装 | G5: 120000000 | H5: =LN(G5/C5) -> 14.508658 | I5: =B5 -> 8 | J5: =E5-D5 -> 17 | K5: =C5 -> 60 | L5: =IF(F5="改装済み",1,0) -> 0 | M5: =IF(A5="池尻大橋",1,0) -> 1 | N5: =IF(A5="三軒茶屋",1,0) -> 0 | O5: =IF(A5="駒沢大学",1,0) -> 0 | P5: =IF(A5="桜新町",1,0) -> 0 | Q5: =IF(A5="二子玉川",1,0) -> 0 | R5: =IF(E5=2021,1,0) -> 0 | S5: =IF(E5=2022,1,0) -> 0 | T5: =IF(E5=2023,1,0) -> 0 | U5: =IF(E5=2024,1,0) -> 0
A6: 池尻大橋 | B6: 8 | C6: 70 | D6: 2012 | E6: 2025 | F6: 未改装 | G6: 120000000 | H6: =LN(G6/C6) -> 14.354507 | I6: =B6 -> 8 | J6: =E6-D6 -> 13 | K6: =C6 -> 70 | L6: =IF(F6="改装済み",1,0) -> 0 | M6: =IF(A6="池尻大橋",1,0) -> 1 | N6: =IF(A6="三軒茶屋",1,0) -> 0 | O6: =IF(A6="駒沢大学",1,0) -> 0 | P6: =IF(A6="桜新町",1,0) -> 0 | Q6: =IF(A6="二子玉川",1,0) -> 0 | R6: =IF(E6=2021,1,0) -> 0 | S6: =IF(E6=2022,1,0) -> 0 | T6: =IF(E6=2023,1,0) -> 0 | U6: =IF(E6=2024,1,0) -> 0
A7: 池尻大橋 | B7: 11 | C7: 70 | D7: 2004 | E7: 2025 | F7: 改装済み | G7: 130000000 | H7: =LN(G7/C7) -> 14.43455 | I7: =B7 -> 11 | J7: =E7-D7 -> 21 | K7: =C7 -> 70 | L7: =IF(F7="改装済み",1,0) -> 1 | M7: =IF(A7="池尻大橋",1,0) -> 1 | N7: =IF(A7="三軒茶屋",1,0) -> 0 | O7: =IF(A7="駒沢大学",1,0) -> 0 | P7: =IF(A7="桜新町",1,0) -> 0 | Q7: =IF(A7="二子玉川",1,0) -> 0 | R7: =IF(E7=2021,1,0) -> 0 | S7: =IF(E7=2022,1,0) -> 0 | T7: =IF(E7=2023,1,0) -> 0 | U7: =IF(E7=2024,1,0) -> 0
A8: 池尻大橋 | B8: 8 | C8: 70 | D8: 2008 | E8: 2025 | F8: 未改装 | G8: 190000000 | H8: =LN(G8/C8) -> 14.814039 | I8: =B8 -> 8 | J8: =E8-D8 -> 17 | K8: =C8 -> 70 | L8: =IF(F8="改装済み",1,0) -> 0 | M8: =IF(A8="池尻大橋",1,0) -> 1 | N8: =IF(A8="三軒茶屋",1,0) -> 0 | O8: =IF(A8="駒沢大学",1,0) -> 0 | P8: =IF(A8="桜新町",1,0) -> 0 | Q8: =IF(A8="二子玉川",1,0) -> 0 | R8: =IF(E8=2021,1,0) -> 0 | S8: =IF(E8=2022,1,0) -> 0 | T8: =IF(E8=2023,1,0) -> 0 | U8: =IF(E8=2024,1,0) -> 0
A9: 池尻大橋 | B9: 8 | C9: 80 | D9: 2008 | E9: 2024 | F9: 改装済み | G9: 170000000 | H9: =LN(G9/C9) -> 14.569282 | I9: =B9 -> 8 | J9: =E9-D9 -> 16 | K9: =C9 -> 80 | L9: =IF(F9="改装済み",1,0) -> 1 | M9: =IF(A9="池尻大橋",1,0) -> 1 | N9: =IF(A9="三軒茶屋",1,0) -> 0 | O9: =IF(A9="駒沢大学",1,0) -> 0 | P9: =IF(A9="桜新町",1,0) -> 0 | Q9: =IF(A9="二子玉川",1,0) -> 0 | R9: =IF(E9=2021,1,0) -> 0 | S9: =IF(E9=2022,1,0) -> 0 | T9: =IF(E9=2023,1,0) -> 0 | U9: =IF(E9=2024,1,0) -> 1
A10: 池尻大橋 | B10: 5 | C10: 65 | D10: 2016 | E10: 2024 | F10: 未改装 | G10: 100000000 | H10: =LN(G10/C10) -> 14.246293 | I10: =B10 -> 5 | J10: =E10-D10 -> 8 | K10: =C10 -> 65 | L10: =IF(F10="改装済み",1,0) -> 0 | M10: =IF(A10="池尻大橋",1,0) -> 1 | N10: =IF(A10="三軒茶屋",1,0) -> 0 | O10: =IF(A10="駒沢大学",1,0) -> 0 | P10: =IF(A10="桜新町",1,0) -> 0 | Q10: =IF(A10="二子玉川",1,0) -> 0 | R10: =IF(E10=2021,1,0) -> 0 | S10: =IF(E10=2022,1,0) -> 0 | T10: =IF(E10=2023,1,0) -> 0 | U10: =IF(E10=2024,1,0) -> 1
A11: 池尻大橋 | B11: 11 | C11: 85 | D11: 1972 | E11: 2024 | F11: 改装済み | G11: 90000000 | H11: =LN(G11/C11) -> 13.872669 | I11: =B11 -> 11 | J11: =E11-D11 -> 52 | K11: =C11 -> 85 | L11: =IF(F11="改装済み",1,0) -> 1 | M11: =IF(A11="池尻大橋",1,0) -> 1 | N11: =IF(A11="三軒茶屋",1,0) -> 0 | O11: =IF(A11="駒沢大学",1,0) -> 0 | P11: =IF(A11="桜新町",1,0) -> 0 | Q11: =IF(A11="二子玉川",1,0) -> 0 | R11: =IF(E11=2021,1,0) -> 0 | S11: =IF(E11=2022,1,0) -> 0 | T11: =IF(E11=2023,1,0) -> 0 | U11: =IF(E11=2024,1,0) -> 1
A12: 池尻大橋 | B12: 10 | C12: 60 | D12: 2004 | E12: 2024 | F12: 未改装 | G12: 85000000 | H12: =LN(G12/C12) -> 14.163817 | I12: =B12 -> 10 | J12: =E12-D12 -> 20 | K12: =C12 -> 60 | L12: =IF(F12="改装済み",1,0) -> 0 | M12: =IF(A12="池尻大橋",1,0) -> 1 | N12: =IF(A12="三軒茶屋",1,0) -> 0 | O12: =IF(A12="駒沢大学",1,0) -> 0 | P12: =IF(A12="桜新町",1,0) -> 0 | Q12: =IF(A12="二子玉川",1,0) -> 0 | R12: =IF(E12=2021,1,0) -> 0 | S12: =IF(E12=2022,1,0) -> 0 | T12: =IF(E12=2023,1,0) -> 0 | U12: =IF(E12=2024,1,0) -> 1
A13: 池尻大橋 | B13: 5 | C13: 75 | D13: 1976 | E13: 2024 | F13: 改装済み | G13: 72000000 | H13: =LN(G13/C13) -> 13.774689 | I13: =B13 -> 5 | J13: =E13-D13 -> 48 | K13: =C13 -> 75 | L13: =IF(F13="改装済み",1,0) -> 1 | M13: =IF(A13="池尻大橋",1,0) -> 1 | N13: =IF(A13="三軒茶屋",1,0) -> 0 | O13: =IF(A13="駒沢大学",1,0) -> 0 | P13: =IF(A13="桜新町",1,0) -> 0 | Q13: =IF(A13="二子玉川",1,0) -> 0 | R13: =IF(E13=2021,1,0) -> 0 | S13: =IF(E13=2022,1,0) -> 0 | T13: =IF(E13=2023,1,0) -> 0 | U13: =IF(E13=2024,1,0) -> 1
... A567: 三軒茶屋 | B567: 13 | C567: 60 | D567: 2010 | E567: 2022 | F567: 未改装 | G567: 85000000 | H567: =LN(G567/C567) -> 14.163817 | I567: =B567 -> 13 | J567: =E567-D567 -> 12 | K567: =C567 -> 60 | L567: =IF(F567="改装済み",1,0) -> 0 | M567: =IF(A567="池尻大橋",1,0) -> 0 | N567: =IF(A567="三軒茶屋",1,0) -> 1 | O567: =IF(A567="駒沢大学",1,0) -> 0 | P567: =IF(A567="桜新町",1,0) -> 0 | Q567: =IF(A567="二子玉川",1,0) -> 0 | R567: =IF(E567=2021,1,0) -> 0 | S567: =IF(E567=2022,1,0) -> 1 | T567: =IF(E567=2023,1,0) -> 0 | U567: =IF(E567=2024,1,0) -> 0

Sheet LINEST
A1: LINEST の結果（1行目が係数。左から、2024、2023、2022、2021、二子玉川、桜新町、駒沢大学、三軒茶屋、池尻大橋、改装、面積、築年数、徒歩分、切片の順）
A2: {=LINEST(データ!H2:H567,データ!I2:U567,TRUE(),TRUE())} -> -0.089494128 | B2: -0.18864328 | C2: -0.26475881 | D2: -0.34282648 | E2: 0.14307866 | F2: 0.063292728 | G2: 0.087672915 | H2: 0.19125416 | I2: 0.17004802 | J2: 0.14945276 | K2: 0.0027243323 | L2: -0.017046399 | M2: -0.026221965 | N2: 14.450478
A3: 0.024522826 | B3: 0.025735462 | C3: 0.024399689 | D3: 0.024798515 | E3: 0.024129528 | F3: 0.023684604 | G3: 0.027322857 | H3: 0.025436475 | I3: 0.03321001 | J3: 0.017487823 | K3: 0.00043069217 | L3: 0.00059581371 | M3: 0.0014636099 | N3: 0.042337974
A4: 0.73769369 | B4: 0.18485122 | C4: #N/A | D4: #N/A | E4: #N/A | F4: #N/A | G4: #N/A | H4: #N/A | I4: #N/A | J4: #N/A | K4: #N/A | L4: #N/A | M4: #N/A | N4: #N/A
A5: 119.41615 | B5: 552 | C5: #N/A | D5: #N/A | E5: #N/A | F5: #N/A | G5: #N/A | H5: #N/A | I5: #N/A | J5: #N/A | K5: #N/A | L5: #N/A | M5: #N/A | N5: #N/A
A6: 53.045805 | B6: 18.861825 | C6: #N/A | D6: #N/A | E6: #N/A | F6: #N/A | G6: #N/A | H6: #N/A | I6: #N/A | J6: #N/A | K6: #N/A | L6: #N/A | M6: #N/A | N6: #N/A
A8: 説明変数 | B8: LINEST の係数 | C8: Python（第4章）の係数 | D8: 差
A9: 徒歩分 | B9: =LINEST!M2 -> -0.026221965 | C9: -0.026221965 | D9: =B9-C9 -> -8.3079377e-14
A10: 築年数 | B10: =LINEST!L2 -> -0.017046399 | C10: -0.017046399 | D10: =B10-C10 -> 5.6760152e-15
A11: 面積 | B11: =LINEST!K2 -> 0.0027243323 | C11: 0.0027243323 | D11: =B11-C11 -> 9.0713027e-15
A12: 改装 | B12: =LINEST!J2 -> 0.14945276 | C12: 0.14945276 | D12: =B12-C12 -> 6.6613381e-16
A13: 池尻大橋 | B13: =LINEST!I2 -> 0.17004802 | C13: 0.17004802 | D13: =B13-C13 -> 2.5812685e-15
A14: 三軒茶屋 | B14: =LINEST!H2 -> 0.19125416 | C14: 0.19125416 | D14: =B14-C14 -> 0
A15: 駒沢大学 | B15: =LINEST!G2 -> 0.087672915 | C15: 0.087672915 | D15: =B15-C15 -> 2.0122792e-15
A16: 桜新町 | B16: =LINEST!F2 -> 0.063292728 | C16: 0.063292728 | D16: =B16-C16 -> 0
A17: 二子玉川 | B17: =LINEST!E2 -> 0.14307866 | C17: 0.14307866 | D17: =B17-C17 -> 1.3045121e-15
A18: 2021 | B18: =LINEST!D2 -> -0.34282648 | C18: -0.34282648 | D18: =B18-C18 -> -1.5543122e-15
A19: 2022 | B19: =LINEST!C2 -> -0.26475881 | C19: -0.26475881 | D19: =B19-C19 -> -3.663736e-15
A20: 2023 | B20: =LINEST!B2 -> -0.18864328 | C20: -0.18864328 | D20: =B20-C20 -> -2.3314684e-15
A21: 2024 | B21: =LINEST!A2 -> -0.089494128 | C21: -0.089494128 | D21: =B21-C21 -> -1.8873791e-15
A22: 切片 | B22: =LINEST!N2 -> 14.450478 | C22: 14.450478 | D22: =B22-C22 -> 0
A23: 決定係数（R²） | B23: =LINEST!A4 -> 0.73769369
